{
  "dfp_id": 21849707860,
  "siteName": "AJC",
  "homeURL": "https://www.ajc.com/",
  "siteDomainURL": "https://sandbox.ajc.arcpublishing.com/pf",
  "twitterURL": "https://twitter.com/intent/tweet?url=",
  "facebookURL": "https://www.facebook.com/share.php?u=",
  "pinterestURL": "https://www.pinterest.com/pin/create/button/?url=",
  "redditURL": "https://www.reddit.com/submit?url=",
  "logo": "/resources/images/ajc-logo.svg",
  "mail": "mailto:?Subject=",
  "sites": ["ajc"],
  "featuredVideoPlayerRules": {
    "startPlaying": true,
    "muteON": true
  },
  "inlineVideoPlayerRules": {
    "startPlaying": false,
    "muteON": true
  },
  "maxTabletViewWidth": 1024
}
